count,timestamp_ms,aoa_valid,pfd_raw,p45_raw,pfwd_filt,p45_filt,coeff,aoa_raw,aoa_filt
0,0,true,8104,8080,264,165,1.6,-0.6,0.3846154
1,30,true,8088,8104,264,177,1.4915254,-0.4915254,0.40136054
2,46,true,8072,8064,258.66666,173,1.495183,-0.495183,0.4007722
3,78,true,8000,8096,256,175,1.4628571,-0.46285716,0.40603247
4,94,true,8056,8080,251.2,173,1.4520231,-0.4520231,0.40782648
5,110,true,8088,8080,248,171.66667,1.4446602,-0.44466016,0.4090548
6,126,true,8072,8104,245.71428,170.71428,1.4393306,-0.43933055,0.40994853
7,142,true,8064,8088,243,171,1.4210526,-0.42105263,0.41304347
8,158,true,8064,8088,240.88889,171.22223,1.4068786,-0.40687856,0.41547588
9,173,true,8080,8040,240,171.4,1.4002334,-0.40023342,0.41662616
10,189,true,8048,8080,238.54546,171.54546,1.3905671,-0.39056703,0.4183108
11,205,true,8128,8080,237.33333,171,1.3879142,-0.3879142,0.41877553
12,221,true,8064,8072,236.3077,170.53847,1.3856562,-0.38565624,0.41917187
13,237,true,8080,8056,236.57143,169.57143,1.3951137,-0.39511374,0.4175167
14,253,true,7992,8048,235.73334,168.73334,1.3970762,-0.39707625,0.41717488
15,269,true,8000,8104,233.06667,168.2,1.3856521,-0.38565204,0.4191726
16,285,true,8048,8072,229.33333,166.06667,1.3809714,-0.38097146,0.41999662
17,301,true,8104,8096,226.66667,165.53334,1.3693113,-0.3693113,0.4220636
18,317,true,8104,8096,224,165.53334,1.3532017,-0.35320172,0.42495295
19,333,true,8024,8096,222.4,166.6,1.3349339,-0.33493388,0.42827764
20,349,true,8064,8080,221.86667,167.66667,1.3232604,-0.3232604,0.4304296
21,365,true,8000,8096,221.33333,168.73334,1.3117344,-0.31173444,0.43257564
22,380,true,8032,8072,219.2,169.26666,1.294998,-0.29499805,0.4357302
23,396,true,8088,8080,217.06667,168.73334,1.286448,-0.286448,0.43735963
24,412,true,8032,8088,214.4,168.2,1.274673,-0.27467299,0.43962365
25,428,true,8016,8064,212.26666,167.66667,1.266004,-0.2660039,0.4413055
26,444,true,8008,8088,210.13333,167.66667,1.2532803,-0.25328028,0.44379744
27,460,true,8064,8056,208,167.66667,1.2405566,-0.24055663,0.44631764
28,476,true,8096,8064,204.8,167.13333,1.225369,-0.225369,0.44936365
29,492,true,8016,8056,201.6,166.6,1.2100841,-0.21008402,0.4524715
30,508,true,8024,8104,198.93333,166.06667,1.1979125,-0.1979125,0.45497715
31,524,true,8048,8104,198.93333,165.53334,1.201772,-0.201772,0.45417964
32,539,true,8000,8048,197.33333,165,1.1959596,-0.19595957,0.4553818
33,555,true,8064,8024,195.73334,162.33333,1.2057495,-0.20574956,0.45336065
34,571,true,8008,8088,194.13333,161.8,1.1998352,-0.19983515,0.4545795
35,586,true,8016,8080,190.93333,160.73334,1.1878889,-0.18788882,0.4570616
36,602,true,8016,8056,187.73334,158.06667,1.1876845,-0.18768455,0.45710433
37,618,true,8064,8088,186.66667,157,1.1889597,-0.18895969,0.45683798
38,634,true,8048,8088,185.6,157.53334,1.1781633,-0.17816333,0.45910236
39,650,true,8024,8088,185.06667,158.06667,1.170814,-0.17081401,0.4606567
40,682,true,8064,8080,186.13333,158.6,1.1736023,-0.1736023,0.46006575
41,698,true,8048,8088,187.2,159.13333,1.176372,-0.176372,0.4594803
42,713,true,8072,8072,188.26666,159.66667,1.1791232,-0.1791231,0.45890015
43,730,true,8056,8080,189.86667,160.73334,1.1812526,-0.18125257,0.4584522
44,745,true,8032,8064,192.53334,161.8,1.1899464,-0.18994646,0.45663217
45,762,true,8040,8104,194.13333,162.86667,1.191977,-0.19197705,0.45620915
46,778,true,8040,8104,193.6,163.93333,1.1809679,-0.1809679,0.45851204
47,794,true,8064,8080,194.66667,165,1.179798,-0.179798,0.4587581
48,809,true,8104,8096,195.73334,167.66667,1.1673956,-0.16739562,0.46138322
49,825,true,8104,8080,198.4,168.2,1.1795481,-0.17954814,0.45881072
50,841,true,8016,8064,201.6,168.2,1.1985732,-0.19857319,0.45484045
51,857,true,8096,8032,206.93333,169.8,1.2186886,-0.21868864,0.4507167
52,873,true,8064,8056,212.26666,168.73334,1.2580007,-0.25800073,0.44286966
53,889,true,8032,8064,215.46666,167.13333,1.2891903,-0.28919023,0.4368357
54,905,true,8008,8048,216,165,1.3090909,-0.3090909,0.43307087
55,921,true,8056,8080,216.53334,162.86667,1.329513,-0.32951292,0.42927426
56,937,true,8032,8104,215.46666,161.26666,1.3360893,-0.33608928,0.4280658
57,953,true,8048,8104,214.4,160.73334,1.3338863,-0.3338863,0.4284699
58,968,true,8040,8088,213.33333,161.26666,1.3228607,-0.3228607,0.43050367
59,984,true,8064,8080,212.8,161.8,1.3152039,-0.31520393,0.43192738
60,1000,true,8040,8056,212.26666,162.33333,1.3075975,-0.30759755,0.43335116
61,1032,true,8008,8080,212.26666,162.33333,1.3075975,-0.30759755,0.43335116
62,1048,true,8056,8080,212.26666,162.33333,1.3075975,-0.30759755,0.43335116
63,1064,true,8064,8064,213.33333,161.26666,1.3228607,-0.3228607,0.43050367
64,1080,true,8072,8064,212.8,159.13333,1.3372434,-0.33724344,0.42785442
65,1096,true,8048,8088,212.26666,159.13333,1.3338919,-0.3338919,0.42846885
66,1112,true,8016,8080,209.6,159.13333,1.3171345,-0.31713453,0.43156752
67,1127,true,8064,8096,207.46666,160.2,1.2950479,-0.29504785,0.43572077
68,1143,true,8104,8080,207.46666,161.26666,1.286482,-0.286482,0.43735307
69,1159,true,8056,8080,209.06667,162.86667,1.2836676,-0.2836676,0.43789208
70,1175,true,8064,8104,209.6,164.46666,1.2744225,-0.27442247,0.43967208
71,1190,true,8016,8064,211.73334,165.53334,1.2790978,-0.27909783,0.43877012
72,1206,true,8072,8080,213.86667,165.53334,1.2919855,-0.29198545,0.43630293
73,1222,true,8064,8080,215.46666,165,1.3058585,-0.30585855,0.43367794
74,1238,true,8080,8080,216.53334,164.46666,1.316579,-0.31657895,0.43167102
75,1254,true,8000,8096,218.13333,163.93333,1.3306222,-0.3306222,0.42907
76,1270,true,7984,8088,219.73334,163.93333,1.3403823,-0.34038228,0.4272806
77,1286,true,8048,8104,220.26666,164.46666,1.3392785,-0.33927852,0.42748222
78,1302,true,8056,8064,219.73334,165,1.3317173,-0.3317172,0.42886847
79,1317,true,8104,8104,219.2,167.13333,1.3115277,-0.31152773,0.43261433
80,1333,true,8008,8096,218.66667,168.2,1.3000396,-0.30003968,0.4347751
81,1349,true,8032,8104,218.13333,169.8,1.2846485,-0.28464857,0.43770406
82,1365,true,8064,8080,217.6,170.86667,1.2735076,-0.27350762,0.439849
83,1397,true,8104,8056,217.6,171.93333,1.2656069,-0.26560685,0.44138286
84,1413,true,8040,8096,216.53334,173,1.2516378,-0.25163782,0.44412118
85,1428,true,8048,8080,215.46666,173,1.2454721,-0.24547201,0.44534063
86,1444,true,8064,8088,215.46666,173,1.2454721,-0.24547201,0.44534063
87,1460,true,8072,8104,215.46666,173.53334,1.2416441,-0.24164416,0.44610113
88,1476,true,8064,8080,215.46666,174.06667,1.2378398,-0.23783988,0.4468595
89,1491,true,8064,8080,215.46666,174.06667,1.2378398,-0.23783988,0.4468595
90,1507,true,7976,8088,215.46666,174.6,1.2340587,-0.23405872,0.44761583
91,1523,true,8040,8056,215.46666,174.6,1.2340587,-0.23405872,0.44761583
92,1539,true,8072,8088,216.53334,174.06667,1.2439679,-0.24396788,0.44563916
93,1554,true,8032,8080,216,173.53334,1.2447176,-0.24471758,0.44549036
94,1570,true,8032,8064,214.93333,172.46666,1.2462312,-0.24623121,0.44519013
95,1586,true,8072,8104,214.4,171.4,1.2508751,-0.25087515,0.44427165
96,1602,true,8064,8104,215.46666,170.33333,1.2649707,-0.26497063,0.44150683
97,1618,true,8040,8088,214.4,169.8,1.2626619,-0.2626619,0.4419573
98,1634,true,8088,8104,214.4,170.33333,1.2587084,-0.25870842,0.44273087
99,1650,true,8048,8104,216,170.86667,1.2641436,-0.26414356,0.4416681
100,1666,true,8032,8080,216,172.46666,1.252416,-0.25241598,0.4439677
101,1698,true,8064,8088,214.93333,173,1.2423892,-0.24238922,0.4459529
102,1714,true,8088,8040,214.93333,173,1.2423892,-0.24238922,0.4459529
103,1730,true,8016,8072,213.86667,172.46666,1.2400465,-0.24004644,0.44641933
104,1746,true,8048,8104,212.8,172.46666,1.2338617,-0.23386168,0.4476553
105,1762,true,8016,8080,211.73334,171.93333,1.2314851,-0.23148508,0.44813204
106,1777,true,8040,8104,210.13333,171.93333,1.2221792,-0.22217911,0.45000875
107,1793,true,8072,8080,208.53334,171.93333,1.2128732,-0.21287324,0.45190117
108,1809,true,8048,8088,209.06667,172.46666,1.212215,-0.21221496,0.45203564
109,1825,true,8048,8104,210.13333,173,1.2146435,-0.21464354,0.45153993
110,1841,true,8080,8056,210.66667,173.53334,1.2139839,-0.21398385,0.4516745
111,1856,true,8056,8104,210.13333,173.53334,1.2109104,-0.21091042,0.45230234
112,1873,true,8032,8088,210.66667,173.53334,1.2139839,-0.21398385,0.4516745
113,1888,true,8016,8080,209.6,172.46666,1.2153074,-0.21530738,0.45140463
114,1904,true,8024,8080,207.46666,170.86667,1.214202,-0.21420205,0.45163
115,1920,true,8064,8088,206.4,169.8,1.2155477,-0.21554765,0.45135567
116,1936,true,8088,8112,205.33333,169.8,1.2092657,-0.20926575,0.45263907
117,1952,true,8128,8080,205.33333,169.26666,1.213076,-0.21307601,0.45185977
118,1968,true,8016,8048,206.4,169.26666,1.2193778,-0.2193777,0.45057675
119,1984,true,8080,8088,208.53334,169.8,1.2281115,-0.22811152,0.44881058
120,2000,true,8104,8088,211.2,170.33333,1.2399217,-0.23992175,0.44644418
121,2031,true,8104,8080,215.46666,170.33333,1.2649707,-0.26497063,0.44150683
122,2047,true,8064,8080,218.13333,170.33333,1.2806263,-0.28062624,0.43847603
123,2063,true,8056,8072,220.26666,169.8,1.2972124,-0.29721236,0.4353102
124,2079,true,8080,8064,222.4,169.26666,1.3139031,-0.3139031,0.4321702
125,2095,true,8040,8120,223.46666,168.73334,1.3243777,-0.32437766,0.43022266
126,2111,true,8080,8096,224,168.2,1.3317479,-0.33174795,0.4288628
127,2127,true,8112,8088,226.13333,168.2,1.3444313,-0.34443125,0.4265427
128,2142,true,8064,8088,228.26666,168.2,1.3571146,-0.35711455,0.4242475
129,2158,true,8088,8072,231.46666,168.73334,1.3717897,-0.37178972,0.4216225
130,2174,true,8072,8096,234.66667,168.73334,1.3907546,-0.39075464,0.41827795
131,2190,true,8064,8104,237.33333,168.73334,1.4065586,-0.4065586,0.41553113
132,2206,true,8152,8104,237.86667,169.8,1.4008638,-0.40086374,0.41651675
133,2222,true,8040,8080,238.4,170.86667,1.39524,-0.3952399,0.4174947
134,2238,true,8080,8088,237.86667,171.4,1.3877869,-0.38778692,0.41879785
135,2254,true,8032,8112,236.26666,172.46666,1.3699266,-0.3699266,0.42195398
136,2269,true,8016,8096,232,173.53334,1.3369188,-0.3369189,0.42791387
137,2285,true,8072,8064,229.33333,174.06667,1.3175029,-0.31750286,0.43149891
138,2301,true,8064,8088,228.26666,174.6,1.3073691,-0.30736914,0.433394
139,2317,true,8040,8080,225.6,175.13333,1.2881614,-0.28816146,0.4370321
140,2333,true,7968,8048,224,175.13333,1.2790256,-0.27902552,0.43878403
141,2348,true,8072,8088,224,175.13333,1.2790256,-0.27902552,0.43878403
142,2364,true,8072,8080,222.93333,174.6,1.2768232,-0.27682316,0.43920848
143,2380,true,8072,8080,222.4,174.06667,1.2776713,-0.27767137,0.4390449
144,2396,true,8056,8096,221.86667,173.53334,1.2785248,-0.27852473,0.43888044
145,2412,true,8080,8104,221.33333,173.53334,1.2754513,-0.27545133,0.43947324
146,2428,true,8040,8096,221.33333,174.06667,1.2715435,-0.27154344,0.4402293
147,2444,true,8064,8104,220.8,174.06667,1.2684796,-0.26847953,0.4408239
148,2459,true,8088,8080,220.26666,174.06667,1.2654155,-0.26541552,0.44142014
149,2476,true,8056,8080,219.73334,174.06667,1.2623516,-0.26235163,0.44201794
150,2492,true,8088,8104,219.73334,173.53334,1.2662313,-0.26623124,0.44126126
151,2507,true,8088,8056,222.93333,172.46666,1.292617,-0.292617,0.43618277
152,2523,true,8064,8072,226.13333,171.93333,1.3152385,-0.31523845,0.43192098
153,2539,true,8088,8104,227.73334,171.4,1.328666,-0.32866597,0.42943043
154,2555,true,8104,8104,230.93333,172.46666,1.3390027,-0.33900276,0.4275326
155,2571,true,8040,8096,234.13333,173.53334,1.3492124,-0.34921238,0.42567456
156,2586,true,8032,8088,234.13333,174.6,1.3409698,-0.34096977,0.4271734
157,2602,true,8040,8072,232.53334,175.66667,1.3237191,-0.32371917,0.4303446
158,2618,true,8088,8104,230.4,176.73334,1.303659,-0.30365893,0.43409204
159,2634,true,8024,8088,228.26666,177.26666,1.2877022,-0.28770214,0.43711984
160,2650,true,7960,8072,225.6,177.26666,1.272659,-0.27265894,0.44001323
161,2666,true,8088,8104,223.46666,176.73334,1.2644285,-0.26442844,0.4416125
162,2681,true,8056,8080,222.93333,176.2,1.265229,-0.26522893,0.4414565
163,2697,true,8064,8072,222.4,175.13333,1.2698896,-0.2698896,0.44055006
164,2713,true,8016,8080,221.86667,174.06667,1.2746074,-0.27460745,0.4396363
165,2729,true,8072,8072,221.86667,173,1.2824663,-0.2824663,0.43812257
166,2745,true,8032,8088,219.73334,173,1.2701349,-0.2701349,0.44050246
167,2761,true,8088,8080,218.13333,173,1.2608863,-0.2608863,0.4423044
168,2777,true,8072,8040,217.06667,173,1.2547206,-0.2547206,0.44351396
169,2793,true,8016,8096,216,171.4,1.26021,-0.26021007,0.44243675
170,2808,true,8024,8064,212.26666,170.33333,1.246184,-0.24618396,0.44519952
171,2824,true,8000,8072,209.6,168.73334,1.2421968,-0.24219677,0.4459912
172,2840,true,8072,8096,208.53334,167.13333,1.2477065,-0.24770647,0.44489792
173,2855,true,8088,8096,207.46666,167.13333,1.2413243,-0.24132426,0.44616482
174,2871,true,8072,8080,209.6,166.6,1.2581033,-0.25810322,0.44284955
175,2887,true,8024,8120,212.26666,167.13333,1.2700438,-0.27004388,0.4405201
176,2903,true,8056,8120,214.4,167.66667,1.2787275,-0.27872756,0.43884143
177,2919,true,8064,8104,214.93333,168.73334,1.2738048,-0.27380478,0.43979147
178,2935,true,8072,8112,215.46666,170.86667,1.2610222,-0.26102218,0.44227785
179,2951,true,8024,8088,215.46666,173,1.2454721,-0.24547201,0.44534063
180,2982,true,8032,8080,214.93333,174.6,1.2310041,-0.23100416,0.4482287
181,2998,true,8040,8040,213.86667,175.13333,1.2211648,-0.22116485,0.4502142
182,3014,true,8048,8048,212.26666,175.13333,1.212029,-0.21202892,0.45207366
183,3030,true,7984,8088,209.6,175.13333,1.1968025,-0.19680248,0.45520705
184,3045,true,8064,8080,207.46666,175.13333,1.1846212,-0.18462121,0.45774528
185,3061,true,8064,8088,208.53334,175.13333,1.1907119,-0.19071189,0.4564726
186,3078,true,8064,8096,211.2,176.2,1.198638,-0.19863792,0.45482704
187,3094,true,8072,8064,213.86667,177.26666,1.2064686,-0.20646864,0.4532129
188,3110,true,8064,8080,216.53334,176.2,1.2289066,-0.2289066,0.44865048
189,3125,true,8072,8080,216,176.2,1.2258797,-0.2258797,0.44926056
190,3141,true,8024,8072,215.46666,175.13333,1.2303007,-0.2303007,0.44837004
191,3156,true,8104,8064,215.46666,173.53334,1.2416441,-0.24164416,0.44610113
192,3172,true,8088,8040,216,171.4,1.26021,-0.26021007,0.44243675
193,3188,true,8016,8096,216.53334,168.73334,1.2832873,-0.28328726,0.43796507
194,3204,true,8016,8096,214.4,166.06667,1.2910477,-0.29104775,0.4364815
195,3220,true,8008,8096,211.73334,165.53334,1.2790978,-0.27909783,0.43877012
196,3236,true,8072,8088,210.13333,166.06667,1.2653552,-0.2653553,0.44143185
197,3252,true,8096,8104,208.53334,167.13333,1.2477065,-0.24770647,0.44489792
198,3268,true,8008,8104,207.46666,168.2,1.2334522,-0.23345222,0.44773737
199,3298,true,8080,8072,209.6,169.26666,1.2382828,-0.23828286,0.44677106
200,3314,true,8008,8072,211.2,169.8,1.2438163,-0.24381621,0.4456693
201,3330,true,8048,8096,210.13333,170.33333,1.2336595,-0.23365952,0.4476958
202,3346,true,8040,8064,208.53334,169.26666,1.2319812,-0.23198117,0.44803247
203,3361,true,8080,8096,207.46666,168.73334,1.2295535,-0.22955346,0.44852027
204,3377,true,8080,8104,206.4,169.8,1.2155477,-0.21554765,0.45135567
205,3393,true,8104,8112,207.46666,170.86667,1.214202,-0.21420205,0.45163
206,3408,true,8032,8112,208,173,1.2023121,-0.20231214,0.45406824
207,3424,true,8064,8080,208.53334,175.13333,1.1907119,-0.19071189,0.4564726
208,3441,true,8040,8088,208,177.26666,1.1733735,-0.17337348,0.4601142
209,3456,true,8032,8088,209.06667,178.33333,1.1723365,-0.17233647,0.46033385
210,3471,true,8024,8096,210.13333,177.8,1.1818522,-0.18185224,0.45832616
211,3487,true,8016,8072,211.2,177.26666,1.1914253,-0.19142535,0.45632398
212,3504,true,8016,8072,211.73334,176.73334,1.1980385,-0.19803847,0.45495108
213,3519,true,8072,8080,212.26666,175.66667,1.2083491,-0.2083491,0.45282695
214,3535,true,8088,8104,209.06667,174.6,1.1974036,-0.19740354,0.45508254
215,3551,true,8064,8088,208.53334,174.06667,1.1980084,-0.19800848,0.4549573
216,3567,true,8120,8056,210.13333,173,1.2146435,-0.21464354,0.45153993
217,3583,true,8104,8088,213.33333,174.06667,1.225584,-0.22558405,0.44932026
218,3599,true,8048,8104,216,175.13333,1.233346,-0.23334603,0.44775864
219,3615,true,8080,8104,218.13333,174.6,1.2493317,-0.24933176,0.44457647
220,3631,true,8040,8056,218.13333,174.06667,1.2531598,-0.2531597,0.44382116
221,3647,true,8072,8088,217.6,173,1.2578036,-0.2578035,0.44290835
222,3663,true,8064,8072,216.53334,171.93333,1.2594029,-0.2594029,0.4425948
223,3679,true,8072,8072,217.06667,169.8,1.2783667,-0.27836668,0.4389109
224,3694,true,8032,8096,218.66667,168.73334,1.2959305,-0.29593047,0.43555325
225,3711,true,8016,8104,220.8,168.73334,1.3085737,-0.30857366,0.4331679
226,3727,true,8104,8104,222.93333,169.26666,1.317054,-0.317054,0.4315825
227,3742,true,8096,8080,226.13333,169.8,1.3317628,-0.33176282,0.42886007
228,3758,true,8056,8064,228.26666,170.86667,1.3359344,-0.3359344,0.4280942
229,3774,true,8064,8104,230.93333,172.46666,1.3390027,-0.33900276,0.4275326
230,3790,true,8072,8072,231.46666,172.46666,1.3420951,-0.3420951,0.42696816
231,3806,true,8032,8040,230.93333,171.93333,1.3431562,-0.34315625,0.42677477
232,3821,true,8008,8096,228.8,170.86667,1.3390558,-0.3390558,0.42752293
233,3837,true,8016,8104,225.06667,171.4,1.3131077,-0.3131078,0.4323188
234,3853,true,7984,8040,220.8,170.33333,1.2962818,-0.29628184,0.4354866
235,3868,true,8056,8080,216.53334,169.8,1.2752258,-0.2752258,0.4395168
236,3884,true,8072,8104,212.8,170.33333,1.2493151,-0.24931513,0.44457978
237,3900,true,8064,8096,212.26666,170.86667,1.2422942,-0.24229415,0.44597182
238,3916,true,8096,8056,211.73334,171.4,1.2353171,-0.23531707,0.44736382
239,3932,true,8080,8104,212.26666,173,1.226975,-0.22697493,0.44903964
240,3948,true,8120,8104,213.33333,174.06667,1.225584,-0.22558405,0.44932026
241,3964,true,8096,8064,215.46666,174.06667,1.2378398,-0.23783988,0.4468595
242,3980,true,8072,8080,217.06667,173,1.2547206,-0.2547206,0.44351396
243,3996,true,8000,8088,218.66667,172.46666,1.2678779,-0.26787794,0.44094083
244,4011,true,8048,8096,219.2,171.4,1.2788799,-0.27887985,0.4388121
245,4028,true,8088,8096,219.2,171.93333,1.2749127,-0.27491274,0.4395773
246,4043,true,8080,8104,219.73334,173.53334,1.2662313,-0.26623124,0.44126126
247,4059,true,8080,8104,221.33333,175.13333,1.263799,-0.26379898,0.44173533
248,4075,true,8072,8096,224.53334,175.13333,1.2820709,-0.28207085,0.43819848
249,4091,true,8048,8112,228.8,177.26666,1.2907108,-0.29071084,0.43654573
250,4106,true,8048,8104,232.53334,178.86667,1.3000373,-0.3000373,0.43477553
251,4122,true,8032,8072,234.66667,179.4,1.308064,-0.30806398,0.43326357
252,4138,true,8024,8080,234.13333,179.4,1.305091,-0.30509108,0.43382233
253,4154,true,8024,8104,232,181,1.281768,-0.28176796,0.43825665
254,4170,true,8064,8080,229.33333,179.93333,1.2745461,-0.2745461,0.43964815
255,4186,true,8056,8080,226.13333,178.33333,1.2680374,-0.2680374,0.44090983
256,4202,true,8064,8112,223.46666,177.26666,1.2606243,-0.2606243,0.44235566
257,4218,true,8064,8104,221.33333,178.86667,1.2374208,-0.23742075,0.4469432
258,4234,true,8120,8088,220.26666,178.86667,1.2314572,-0.2314573,0.44813764
259,4266,true,8080,8064,219.73334,178.86667,1.2284756,-0.2284756,0.44873723
260,4298,true,8064,8096,219.2,179.4,1.2218506,-0.22185063,0.45007527
261,4329,true,8048,8088,218.66667,178.86667,1.2225121,-0.22251213,0.4499413
262,4345,true,8072,8104,218.13333,178.33333,1.2231776,-0.2231776,0.4498066
263,4360,true,8064,8104,217.06667,178.33333,1.2171963,-0.21719629,0.45102006
264,4383,true,8064,8096,216,177.8,1.2148482,-0.21484812,0.45149824
265,4400,true,8040,8088,215.46666,177.26666,1.2154945,-0.21549453,0.45136648
266,4417,true,8096,8080,216.53334,176.73334,1.225198,-0.22519805,0.44939822
267,4433,true,8072,8112,217.6,176.73334,1.2312335,-0.2312335,0.44818258
268,4449,true,8064,8104,219.73334,176.2,1.2470678,-0.24706776,0.4450244
269,4465,true,8048,8096,221.86667,177.26666,1.2515984,-0.2515984,0.44412893
270,4481,true,8032,8104,224,178.86667,1.2523295,-0.25232947,0.44398478
271,4497,true,8064,8080,224.53334,180.46666,1.2441819,-0.24418184,0.4455967
272,4513,true,8104,8104,224.53334,180.46666,1.2441819,-0.24418184,0.4455967
273,4530,true,8008,8080,223.46666,181,1.2346225,-0.23462243,0.44750288
274,4545,true,8008,8048,221.33333,180.46666,1.22645,-0.22644997,0.4491455
275,4561,true,8072,8080,221.33333,179.4,1.2337421,-0.23374212,0.44767922
276,4577,true,8000,8080,217.6,178.86667,1.2165487,-0.21654867,0.45115185
277,4593,true,8024,8088,213.33333,178.33333,1.1962616,-0.19626169,0.45531914
278,4608,true,8024,8080,210.66667,177.26666,1.1884167,-0.18841675,0.45695135
279,4624,true,8048,8112,208,176.2,1.1804768,-0.18047675,0.45861527
280,4640,true,8048,8080,205.33333,175.13333,1.17244,-0.17244004,0.4603119
281,4656,true,8048,8064,204.26666,174.06667,1.1734967,-0.17349672,0.46008813
282,4672,true,8032,8080,203.2,173,1.1745665,-0.17456646,0.45986176
283,4688,true,8016,8080,202.13333,171.93333,1.1756494,-0.17564946,0.45963287
284,4704,true,8104,8096,201.06667,170.86667,1.176746,-0.17674598,0.4594013
285,4720,true,8040,8072,199.46666,169.26666,1.1784167,-0.17841668,0.459049
286,4736,true,8040,8088,197.86667,167.66667,1.1801193,-0.18011926,0.45869052
287,4751,true,8048,8104,196.26666,166.6,1.1780711,-0.17807116,0.45912182
288,4767,true,8088,8088,196.26666,166.06667,1.1818546,-0.18185467,0.45832568
289,4783,true,8096,8096,197.33333,166.6,1.1844738,-0.18447371,0.45777616
290,4799,true,8000,8088,196.26666,167.13333,1.1743119,-0.17431192,0.4599156
291,4815,true,8048,8080,198.93333,167.66667,1.1864811,-0.18648109,0.4573559
292,4831,true,8064,8088,202.66667,168.2,1.2049148,-0.20491484,0.45353225
293,4846,true,8040,8080,204.26666,168.73334,1.2105887,-0.21058865,0.4523682
294,4862,true,7992,8080,205.33333,168.73334,1.2169102,-0.21691026,0.45107827
295,4878,true,8088,8104,206.93333,168.73334,1.2263927,-0.2263927,0.44915703
296,4894,true,8024,8072,206.4,168.73334,1.2232319,-0.22323185,0.44979563
297,4910,true,8088,8088,205.86667,168.73334,1.2200711,-0.2200711,0.45043603
298,4926,true,8064,8080,206.93333,168.73334,1.2263927,-0.2263927,0.44915703
299,4942,true,8040,8096,208,169.26666,1.2288302,-0.22883028,0.44866583
300,4958,true,8072,8096,209.6,169.8,1.2343934,-0.23439342,0.44754875
301,4974,true,8000,8088,211.2,170.33333,1.2399217,-0.23992175,0.44644418
302,4990,true,8064,8080,212.8,170.33333,1.2493151,-0.24931513,0.44457978
303,5006,true,8048,8088,212.8,170.33333,1.2493151,-0.24931513,0.44457978
304,5021,true,8072,8064,213.86667,170.33333,1.2555773,-0.25557736,0.44334546
305,5037,true,8048,8072,213.86667,169.8,1.259521,-0.259521,0.44257167
306,5053,true,8072,8064,214.93333,168.73334,1.2738048,-0.27380478,0.43979147
307,5069,true,8048,8080,213.86667,167.66667,1.2755467,-0.2755467,0.43945485
308,5085,true,8056,8104,214.4,166.6,1.2869147,-0.28691468,0.43727034
309,5100,true,8088,8080,215.46666,166.6,1.2933172,-0.29331723,0.43604958
310,5116,true,8080,8080,217.06667,166.6,1.302921,-0.30292112,0.4342311
311,5133,true,8104,8056,219.73334,166.6,1.3189275,-0.31892756,0.43123382
312,5148,true,8120,8088,222.93333,166.6,1.3381352,-0.3381352,0.42769128
313,5164,true,8024,8104,224.53334,166.6,1.3477391,-0.3477391,0.4259417
314,5180,true,8080,8064,225.6,166.06667,1.3584906,-0.35849062,0.42399997
315,5196,true,8080,8080,226.66667,165.53334,1.3693113,-0.3693113,0.4220636
316,5211,true,8048,8104,227.73334,165.53334,1.3757551,-0.3757551,0.42091882
317,5227,true,8104,8088,228.8,165.53334,1.3821989,-0.3821989,0.41978022
318,5243,true,8008,8088,230.93333,165.53334,1.3950865,-0.39508653,0.41752145
319,5259,true,8080,8120,232,165.53334,1.4015304,-0.40153036,0.41640118
320,5275,true,8096,8104,234.13333,167.13333,1.4008776,-0.40087754,0.41651437
321,5291,true,8088,8096,235.73334,168.73334,1.3970762,-0.39707625,0.41717488
322,5307,true,8088,8104,238.4,170.86667,1.39524,-0.3952399,0.4174947
323,5323,true,8008,8072,240.53334,173,1.3903661,-0.39036614,0.41834596
324,5339,true,8056,8096,242.66667,174.06667,1.3941019,-0.39410192,0.41769317
325,5354,true,8096,8072,243.73334,175.13333,1.3917016,-0.3917016,0.41811237
326,5370,true,8120,8080,244.26666,175.13333,1.3947469,-0.39474684,0.41758066
327,5386,true,8104,8080,244.8,175.13333,1.3977922,-0.3977922,0.4170503
328,5402,true,8048,8096,245.33333,175.13333,1.4008374,-0.40083745,0.4165213
329,5418,true,8040,8096,246.4,175.13333,1.4069281,-0.40692803,0.41546735
330,5434,true,8064,8096,245.33333,176.2,1.3923571,-0.39235717,0.41799778
331,5449,true,8040,8096,243.2,176.73334,1.3760844,-0.37608445,0.42086044
332,5466,true,8048,8056,241.06667,177.26666,1.3599098,-0.35990977,0.42374504
333,5482,true,8056,8096,238.93333,177.8,1.343832,-0.34383202,0.42665175
334,5498,true,7976,8064,236.8,178.33333,1.3278506,-0.32785052,0.42958084
335,5514,true,7992,8080,234.13333,176.73334,1.3247831,-0.32478306,0.43014768
336,5529,true,8016,8096,229.33333,175.66667,1.3055028,-0.30550277,0.43374488
337,5546,true,8088,8088,224.53334,174.6,1.285987,-0.28598702,0.4374478
338,5561,true,8016,8040,219.73334,173,1.2701349,-0.2701349,0.44050246
339,5577,true,8024,8088,214.93333,172.46666,1.2462312,-0.24623121,0.44519013
340,5593,true,8032,8088,210.66667,171.93333,1.2252811,-0.22528113,0.4493814
341,5609,true,8056,8080,206.93333,172.46666,1.1998454,-0.19984543,0.4545774
342,5625,true,8064,8064,202.66667,172.46666,1.1751064,-0.17510638,0.45974764
343,5641,true,8096,8104,200,173,1.1560694,-0.15606937,0.46380696
344,5657,true,8016,8080,197.33333,173,1.140655,-0.14065507,0.46714675
345,5673,true,7992,8064,196.8,171.93333,1.1446297,-0.14462972,0.46628097
346,5688,true,8056,8088,197.33333,170.86667,1.1548966,-0.15489656,0.46405938
347,5704,true,8024,8104,195.73334,170.33333,1.1491194,-0.14911944,0.46530688
348,5720,true,8064,8048,194.13333,169.26666,1.1469083,-0.14690825,0.4657861
349,5735,true,7984,8088,192.53334,168.73334,1.1410509,-0.14105098,0.46706036
350,5751,true,8000,8120,191.46666,169.26666,1.131154,-0.13115399,0.46922934
351,5767,true,8072,8088,192,169.8,1.1307421,-0.13074203,0.4693201
352,5783,true,8112,8088,195.2,169.8,1.1495878,-0.1495877,0.4652055
353,5799,true,8104,8072,198.93333,170.33333,1.1679062,-0.1679061,0.4612746
354,5815,true,8000,8104,202.66667,170.33333,1.189824,-0.18982394,0.4566577
355,5831,true,8000,8104,205.86667,170.33333,1.2086107,-0.20861061,0.45277333
356,5847,true,8048,8088,206.93333,170.33333,1.2148728,-0.21487284,0.45149317
357,5863,true,8064,8104,208,171.93333,1.2097713,-0.20977122,0.4525355
358,5878,true,8016,8080,205.33333,173,1.1868979,-0.18689784,0.45726874
359,5894,true,8016,8064,202.66667,173.53334,1.1678832,-0.16788319,0.46127945
360,5910,true,8040,8088,201.6,174.06667,1.158177,-0.15817699,0.46335402
361,5926,true,8056,8104,200.53334,174.6,1.14853,-0.14852998,0.4654345
362,5942,true,8064,8056,201.6,174.06667,1.158177,-0.15817699,0.46335402
363,5958,true,8064,8080,203.73334,174.06667,1.1704328,-0.17043282,0.46073762
364,5974,true,8088,8064,206.4,173.53334,1.1893967,-0.18939677,0.4567468
365,5989,true,8040,8080,209.06667,173,1.2084779,-0.20847784,0.45280057
366,6005,true,8120,8112,211.73334,172.46666,1.2276769,-0.22767691,0.4488981
367,6021,true,8064,8064,211.73334,171.93333,1.2314851,-0.23148508,0.44813204
368,6036,true,8056,8088,211.2,171.4,1.2322054,-0.23220539,0.44798747
369,6052,true,8048,8112,210.13333,171.4,1.2259822,-0.22598214,0.4492399
370,6068,true,8048,8112,209.06667,173,1.2084779,-0.20847784,0.45280057
371,6084,true,8032,8080,209.06667,173,1.2084779,-0.20847784,0.45280057
372,6100,true,8064,8104,209.06667,173,1.2084779,-0.20847784,0.45280057
373,6116,true,8048,8096,211.2,173,1.2208092,-0.22080924,0.4502863
374,6132,true,8056,8104,213.33333,174.06667,1.225584,-0.22558405,0.44932026
375,6148,true,8016,8096,213.86667,174.6,1.224895,-0.22489497,0.44945943
376,6163,true,8016,8088,214.4,175.13333,1.2242101,-0.2242101,0.4495978
377,6179,true,8096,8104,214.93333,176.2,1.219826,-0.21982598,0.45048577
378,6195,true,8024,8064,212.8,177.26666,1.2004514,-0.20045134,0.45445225
379,6211,true,8056,8096,210.13333,178.33333,1.1783178,-0.17831779,0.45906982
380,6227,true,8024,8088,207.46666,178.86667,1.1598955,-0.15989558,0.46298537
381,6243,true,8064,8112,206.93333,179.93333,1.1500555,-0.15005557,0.46510425
382,6259,true,8056,8120,206.4,181,1.1403315,-0.14033146,0.46721736
383,6275,true,8112,8096,205.86667,182.06667,1.1307213,-0.13072136,0.46932462
384,6291,true,8048,8088,205.86667,182.6,1.1274188,-0.12741874,0.4700532
385,6306,true,8024,8096,205.86667,181.53334,1.1340433,-0.1340433,0.46859404
386,6323,true,8048,8104,205.86667,182.06667,1.1307213,-0.13072136,0.46932462
387,6338,true,8064,8080,205.86667,181.53334,1.1340433,-0.1340433,0.46859404
388,6354,true,8032,8056,205.86667,180.46666,1.1407462,-0.14074627,0.46712685
389,6382,true,8096,8096,205.86667,179.93333,1.1441275,-0.14412746,0.4663902
390,6398,true,8048,8104,205.86667,179.93333,1.1441275,-0.14412746,0.4663902
391,6414,true,8104,8112,206.93333,179.93333,1.1500555,-0.15005557,0.46510425
392,6430,true,8088,8064,209.6,179.93333,1.1648759,-0.16487591,0.46192026
393,6445,true,8040,8080,213.86667,179.93333,1.1885884,-0.18858837,0.45691553
394,6462,true,8064,8096,216.53334,179.93333,1.2034087,-0.2034087,0.45384225
395,6477,true,8096,8048,220.8,179.4,1.2307693,-0.23076929,0.44827583
396,6493,true,8112,8072,222.93333,177.8,1.2538433,-0.25384325,0.44368657
397,6509,true,8032,8088,223.46666,176.73334,1.2644285,-0.26442844,0.4416125
398,6525,true,8016,8080,224,175.66667,1.2751423,-0.27514228,0.43953294
399,6540,true,8048,8096,223.46666,174.6,1.2798778,-0.27987772,0.43862003
400,6556,true,8064,8088,222.93333,174.06667,1.2807354,-0.28073537,0.43845508
401,6572,true,8016,8088,221.86667,173.53334,1.2785248,-0.27852473,0.43888044
402,6588,true,8056,8088,221.86667,173,1.2824663,-0.2824663,0.43812257
403,6604,true,8048,8080,221.86667,173,1.2824663,-0.2824663,0.43812257
404,6620,true,8088,8096,222.4,172.46666,1.2895246,-0.28952456,0.43677193
405,6636,true,8048,8096,222.4,171.93333,1.2935246,-0.2935246,0.43601018
406,6651,true,8016,8072,221.33333,171.4,1.2913264,-0.29132634,0.43642843
407,6667,true,8040,8080,218.66667,170.33333,1.2837574,-0.28375742,0.43787488
408,6683,true,8056,8104,216,170.33333,1.2681018,-0.2681018,0.44089735
409,6699,true,8032,8104,214.4,170.33333,1.2587084,-0.25870842,0.44273087
410,6715,true,8064,8096,211.2,171.4,1.2322054,-0.23220539,0.44798747
411,6731,true,8048,8104,208.53334,173.53334,1.2016903,-0.20169035,0.45419648
412,6747,true,8032,8080,207.46666,175.13333,1.1846212,-0.18462121,0.45774528
413,6763,true,8072,8080,206.4,176.2,1.1713961,-0.17139612,0.4605332
414,6779,true,8016,8096,206.4,177.26666,1.1643475,-0.16434748,0.462033
415,6794,true,8056,8080,206.4,176.73334,1.1678611,-0.16786112,0.46128416
416,6810,true,8016,8080,206.4,176.2,1.1713961,-0.17139612,0.4605332
417,6826,true,8016,8048,204.26666,175.66667,1.1628083,-0.1628083,0.4623618
418,6842,true,8016,8056,202.13333,175.13333,1.1541682,-0.15416825,0.4642163
419,6857,true,7984,8080,199.46666,174.6,1.1424206,-0.1424207,0.46676177
420,6873,true,8104,8104,197.33333,174.06667,1.1336652,-0.13366523,0.46867707
421,6889,true,8064,8064,195.2,172.46666,1.1318129,-0.13181295,0.46908432
422,6905,true,8048,8080,195.2,172.46666,1.1318129,-0.13181295,0.46908432
423,6921,true,8088,8080,196.26666,171.4,1.1450797,-0.14507975,0.46618313
424,6937,true,8000,8080,197.86667,170.33333,1.1616439,-0.16164388,0.46261087
425,6953,true,8096,8088,199.46666,169.26666,1.1784167,-0.17841668,0.459049
426,6969,true,8088,8072,202.13333,167.66667,1.2055665,-0.20556656,0.45339826
427,6985,true,8064,8104,204.8,166.06667,1.2332397,-0.2332397,0.44777998
428,7001,true,8080,8104,206.93333,165.53334,1.2501006,-0.25010064,0.44442457
429,7017,true,8072,8080,209.06667,165,1.2670707,-0.2670707,0.44109786
430,7032,true,8096,8088,211.2,165.53334,1.2758759,-0.2758759,0.4393913
431,7048,true,8072,8120,213.86667,167.13333,1.2796171,-0.2796171,0.43867016
432,7064,true,8104,8032,218.13333,167.66667,1.300994,-0.30099398,0.4345948
433,7080,true,8048,8104,221.86667,168.2,1.3190646,-0.31906465,0.43120834
434,7096,true,8000,8120,225.6,169.8,1.3286219,-0.32862192,0.42943853
435,7112,true,8032,8064,227.73334,171.4,1.328666,-0.32866597,0.42943043
436,7128,true,8040,8080,229.33333,172.46666,1.3297256,-0.32972556,0.4292351
437,7144,true,8072,8080,228.8,172.46666,1.3266332,-0.32663324,0.4298056
438,7160,true,8064,8056,227.2,172.46666,1.317356,-0.31735605,0.43152627
439,7176,true,8024,8080,225.6,172.46666,1.308079,-0.30807894,0.43326077
440,7192,true,8016,8064,224,172.46666,1.2988018,-0.29880175,0.4350092
441,7207,true,8064,8104,222.4,172.46666,1.2895246,-0.28952456,0.43677193
442,7224,true,8056,8080,220.26666,172.46666,1.277155,-0.27715504,0.43914443
443,7255,true,8056,8096,218.66667,171.93333,1.2718108,-0.2718108,0.4401775
444,7271,true,8096,8096,217.06667,172.46666,1.2586007,-0.25860074,0.442752
445,7287,true,8080,8096,216,173,1.248555,-0.24855492,0.44473007
446,7303,true,8096,8072,216.53334,172.46666,1.2555084,-0.2555084,0.44335902
447,7319,true,8016,8104,216.53334,173,1.2516378,-0.25163782,0.44412118
448,7335,true,8048,8104,217.06667,173.53334,1.2508644,-0.25086433,0.44427377
449,7351,true,7984,8064,215.46666,173,1.2454721,-0.24547201,0.44534063
450,7366,true,8016,8104,213.33333,173,1.2331406,-0.23314063,0.44779986
451,7382,true,8064,8096,211.73334,174.6,1.2126765,-0.21267657,0.45194134
452,7398,true,8088,8080,212.26666,175.66667,1.2083491,-0.2083491,0.45282695
453,7414,true,8016,8080,210.66667,175.66667,1.1992409,-0.19924098,0.45470232
454,7430,true,8088,8128,212.26666,176.73334,1.2010561,-0.20105615,0.45432734
455,7446,true,8096,8096,215.46666,177.8,1.2118485,-0.21184845,0.45211053
456,7462,true,8048,8056,217.06667,177.8,1.2208474,-0.22084737,0.45027858
457,7478,true,8064,8080,217.6,177.8,1.223847,-0.22384703,0.4496712
458,7494,true,7984,8088,218.13333,178.33333,1.2231776,-0.2231776,0.4498066
459,7510,true,8048,8088,217.6,177.8,1.223847,-0.22384703,0.4496712
460,7526,true,8040,8088,216.53334,177.26666,1.221512,-0.22151192,0.4501439
461,7542,true,8080,8120,214.4,176.73334,1.213127,-0.21312706,0.45184934
462,7557,true,8072,8104,212.26666,176.2,1.2046916,-0.20469163,0.45357814
463,7573,true,8080,8104,211.73334,176.73334,1.1980385,-0.19803847,0.45495108
464,7589,true,8024,8104,213.33333,177.26666,1.20346,-0.20345995,0.45383173
465,7605,true,8056,8088,217.06667,177.26666,1.2245206,-0.22452052,0.4495351
466,7621,true,8016,8064,219.73334,177.26666,1.2395638,-0.2395638,0.44651553
467,7637,true,8032,8064,218.66667,176.73334,1.2372689,-0.23726895,0.4469735
468,7653,true,8064,8080,219.73334,176.73334,1.2433044,-0.2433044,0.44577098
469,7669,true,8016,8080,217.6,175.66667,1.2387097,-0.23870967,0.4466859
470,7685,true,8008,8088,212.8,174.6,1.2187858,-0.21878578,0.45069695
471,7701,true,7968,8104,208,174.6,1.1912943,-0.19129434,0.45635128
472,7716,true,8096,8104,204.8,175.13333,1.1693947,-0.16939478,0.46095803
473,7732,true,8104,8096,201.6,175.66667,1.1476281,-0.14762808,0.46563
474,7748,true,8040,8104,201.06667,176.73334,1.1376839,-0.13768385,0.46779603
475,7764,true,8040,8080,200.53334,177.8,1.127859,-0.12785904,0.46995595
476,7780,true,8040,8080,200,178.33333,1.1214954,-0.12149536,0.47136566
477,7796,true,8056,8064,199.46666,177.8,1.1218597,-0.12185971,0.4712847
478,7811,true,8088,8104,197.33333,176.2,1.1199394,-0.119939454,0.47171158
479,7827,true,8040,8080,195.2,174.6,1.1179839,-0.11798391,0.47214714
480,7843,true,8008,8104,193.06667,173,1.1159923,-0.115992285,0.47259155
481,7859,true,8016,8080,192,171.4,1.1201867,-0.12018674,0.47165656
482,7874,true,8048,8072,192.53334,170.86667,1.1268046,-0.12680456,0.47018892
483,7890,true,8056,8080,193.06667,170.86667,1.1299258,-0.12992585,0.4694999
484,7906,true,8056,8088,194.13333,170.86667,1.1361685,-0.13616852,0.46812785
485,7921,true,8048,8056,196.26666,170.86667,1.1486539,-0.14865388,0.46540767
486,7938,true,8032,8096,198.4,170.86667,1.1611392,-0.16113923,0.4627189
487,7953,true,8096,8096,201.06667,170.86667,1.176746,-0.17674598,0.4594013
488,7969,true,8104,8072,203.73334,170.33333,1.1960862,-0.19608617,0.45535555
489,7985,true,8088,8064,206.93333,168.2,1.2302815,-0.23028144,0.4483739
490,8001,true,8096,8080,210.66667,166.6,1.2645057,-0.26450577,0.44159746
491,8017,true,8016,8104,214.4,165.53334,1.2952073,-0.29520732,0.43569046
492,8033,true,8080,8104,217.6,165.53334,1.3145388,-0.31453884,0.43205148
493,8049,true,8048,8072,220.26666,165.53334,1.3306483,-0.33064833,0.42906517
494,8065,true,8112,8072,222.93333,165.53334,1.3467579,-0.3467579,0.4261198
495,8081,true,8048,8088,223.46666,166.06667,1.3456442,-0.3456443,0.4263221
496,8097,true,8048,8104,224,166.6,1.3445377,-0.34453776,0.4265233
497,8113,true,8000,8072,224.53334,166.06667,1.3520675,-0.3520675,0.42515787
498,8129,true,8064,8080,225.06667,166.06667,1.355279,-0.355279,0.42457816
499,8144,true,8088,8080,225.06667,166.06667,1.355279,-0.355279,0.42457816
500,8160,true,8064,8032,226.13333,166.06667,1.3617021,-0.3617021,0.4234234
